10|C|13|brexit remain voter what prefer outcome brexit|brexit party mep threatens journalist legal action and concedes reality bit pattern free speech brexit brigade
7|C|13|farage claim ursula von der leyens election president eu commission illegitimate 9 vote that mean get 52 vote brexit illegitimate stop brexit revoke a50peoples revoke|brexit party mep threatens journalist legal action and concedes reality bit pattern free speech brexit brigade
10|C|12|brexit remain voter what prefer outcome brexit|new channel 4 one nigel farages brexit party me ps admit initially deny work cambridge analytica fake newsmarred 2017 kenyan election
7|C|12|farage claim ursula von der leyens election president eu commission illegitimate 9 vote that mean get 52 vote brexit illegitimate stop brexit revoke a50peoples revoke|new channel 4 one nigel farages brexit party me ps admit initially deny work cambridge analytica fake newsmarred 2017 kenyan election
7|C|11|farage claim ursula von der leyens election president eu commission illegitimate 9 vote that mean get 52 vote brexit illegitimate stop brexit revoke a50peoples revoke|do underestimate significance parliament potentially shut push bad brexit this dictatorship stuff kind rioting this bad noexaggeration brexit parliament politics 12
8|E|10|ursula von der leyen approve eu commission president go try stop brexit the uk must waste anytime time leave club|brexit remain voter what prefer outcome brexit
7|C|10|farage claim ursula von der leyens election president eu commission illegitimate 9 vote that mean get 52 vote brexit illegitimate stop brexit revoke a50peoples revoke|brexit remain voter what prefer outcome brexit
5|C|10|how many name brexit company ballot paper|brexit remain voter what prefer outcome brexit
3|C|10|i dont doubt brexit delusion release racism selfdestructive impulse insecure trump do|brexit remain voter what prefer outcome brexit
2|E|10|if want understand trumpism brexit gilet jauneand isis movement end nihilism listen podcast really break|brexit remain voter what prefer outcome brexit
8|C|9|ursula von der leyen approve eu commission president go try stop brexit the uk must waste anytime time leave club|i fully believe brexit means trump we get fta unless fully comply across agenda trump set given context light disgraceful racist comment video absolutely terrify we far away ethnic cleanse brexit
7|C|9|farage claim ursula von der leyens election president eu commission illegitimate 9 vote that mean get 52 vote brexit illegitimate stop brexit revoke a50peoples revoke|i fully believe brexit means trump we get fta unless fully comply across agenda trump set given context light disgraceful racist comment video absolutely terrify we far away ethnic cleanse brexit
5|C|9|how many name brexit company ballot paper|i fully believe brexit means trump we get fta unless fully comply across agenda trump set given context light disgraceful racist comment video absolutely terrify we far away ethnic cleanse brexit
3|C|9|i dont doubt brexit delusion release racism selfdestructive impulse insecure trump do|i fully believe brexit means trump we get fta unless fully comply across agenda trump set given context light disgraceful racist comment video absolutely terrify we far away ethnic cleanse brexit
2|C|9|if want understand trumpism brexit gilet jauneand isis movement end nihilism listen podcast really break|i fully believe brexit means trump we get fta unless fully comply across agenda trump set given context light disgraceful racist comment video absolutely terrify we far away ethnic cleanse brexit
7|C|8|farage claim ursula von der leyens election president eu commission illegitimate 9 vote that mean get 52 vote brexit illegitimate stop brexit revoke a50peoples revoke|ursula von der leyen approve eu commission president go try stop brexit the uk must waste anytime time leave club
5|C|8|how many name brexit company ballot paper|ursula von der leyen approve eu commission president go try stop brexit the uk must waste anytime time leave club
3|C|8|i dont doubt brexit delusion release racism selfdestructive impulse insecure trump do|ursula von der leyen approve eu commission president go try stop brexit the uk must waste anytime time leave club
2|E|7|if want understand trumpism brexit gilet jauneand isis movement end nihilism listen podcast really break|farage claim ursula von der leyens election president eu commission illegitimate 9 vote that mean get 52 vote brexit illegitimate stop brexit revoke a50peoples revoke
5|C|6|how many name brexit company ballot paper|thats libellous cant put online friend brexit party mep alexandra phillips denies work cambridge analytica kenya speak a day later admit work firm parent company
3|E|5|i dont doubt brexit delusion release racism selfdestructive impulse insecure trump do|how many name brexit company ballot paper
2|E|5|if want understand trumpism brexit gilet jauneand isis movement end nihilism listen podcast really break|how many name brexit company ballot paper
2|C|3|if want understand trumpism brexit gilet jauneand isis movement end nihilism listen podcast really break|i dont doubt brexit delusion release racism selfdestructive impulse insecure trump do
